Distância da Fonte [R];Dam [m²/2];Pressao parcial [Pa];Distribuição do Tempo de Difusão;Pressão Total [P]
0.01;5e-05;2.88;973.15;4
0.019;5e-05;2.88;3513.07;4
0.028;5e-05;2.88;7629.49;4
0.037;5e-05;2.88;13322.4;4
0.046;5e-05;2.88;20591.8;4
0.055;5e-05;2.88;29437.8;4
0.064;5e-05;2.88;39860.2;4
0.073;5e-05;2.88;51859.1;4
0.082;5e-05;2.88;65434.6;4
0.091;5e-05;2.88;80586.5;4
0.1;5e-05;2.88;97315;4
0.01;5.5e-05;2.88;884.681;4
0.019;5.5e-05;2.88;3193.7;4
0.028;5.5e-05;2.88;6935.9;4
0.037;5.5e-05;2.88;12111.3;4
0.046;5.5e-05;2.88;18719.9;4
0.055;5.5e-05;2.88;26761.6;4
0.064;5.5e-05;2.88;36236.6;4
0.073;5.5e-05;2.88;47144.7;4
0.082;5.5e-05;2.88;59486;4
0.091;5.5e-05;2.88;73260.5;4
0.1;5.5e-05;2.88;88468.1;4
0.01;6e-05;2.88;810.958;4
0.019;6e-05;2.88;2927.56;4
0.028;6e-05;2.88;6357.91;4
0.037;6e-05;2.88;11102;4
0.046;6e-05;2.88;17159.9;4
0.055;6e-05;2.88;24531.5;4
0.064;6e-05;2.88;33216.8;4
0.073;6e-05;2.88;43216;4
0.082;6e-05;2.88;54528.8;4
0.091;6e-05;2.88;67155.4;4
0.1;6e-05;2.88;81095.8;4
0.01;6.5e-05;2.88;748.577;4
0.019;6.5e-05;2.88;2702.36;4
0.028;6.5e-05;2.88;5868.84;4
0.037;6.5e-05;2.88;10248;4
0.046;6.5e-05;2.88;15839.9;4
0.055;6.5e-05;2.88;22644.4;4
0.064;6.5e-05;2.88;30661.7;4
0.073;6.5e-05;2.88;39891.6;4
0.082;6.5e-05;2.88;50334.3;4
0.091;6.5e-05;2.88;61989.6;4
0.1;6.5e-05;2.88;74857.7;4
0.01;7e-05;2.88;695.107;4
0.019;7e-05;2.88;2509.34;4
0.028;7e-05;2.88;5449.64;4
0.037;7e-05;2.88;9516.01;4
0.046;7e-05;2.88;14708.5;4
0.055;7e-05;2.88;21027;4
0.064;7e-05;2.88;28471.6;4
0.073;7e-05;2.88;37042.2;4
0.082;7e-05;2.88;46739;4
0.091;7e-05;2.88;57561.8;4
0.1;7e-05;2.88;69510.7;4
0.01;7.5e-05;2.88;648.766;4
0.019;7.5e-05;2.88;2342.05;4
0.028;7.5e-05;2.88;5086.33;4
0.037;7.5e-05;2.88;8881.61;4
0.046;7.5e-05;2.88;13727.9;4
0.055;7.5e-05;2.88;19625.2;4
0.064;7.5e-05;2.88;26573.5;4
0.073;7.5e-05;2.88;34572.8;4
0.082;7.5e-05;2.88;43623.1;4
0.091;7.5e-05;2.88;53724.3;4
0.1;7.5e-05;2.88;64876.6;4
0.01;8e-05;2.88;608.218;4
0.019;8e-05;2.88;2195.67;4
0.028;8e-05;2.88;4768.43;4
0.037;8e-05;2.88;8326.51;4
0.046;8e-05;2.88;12869.9;4
0.055;8e-05;2.88;18398.6;4
0.064;8e-05;2.88;24912.6;4
0.073;8e-05;2.88;32412;4
0.082;8e-05;2.88;40896.6;4
0.091;8e-05;2.88;50366.6;4
0.1;8e-05;2.88;60821.8;4
0.01;8.5e-05;2.88;572.441;4
0.019;8.5e-05;2.88;2066.51;4
0.028;8.5e-05;2.88;4487.94;4
0.037;8.5e-05;2.88;7836.72;4
0.046;8.5e-05;2.88;12112.8;4
0.055;8.5e-05;2.88;17316.3;4
0.064;8.5e-05;2.88;23447.2;4
0.073;8.5e-05;2.88;30505.4;4
0.082;8.5e-05;2.88;38490.9;4
0.091;8.5e-05;2.88;47403.8;4
0.1;8.5e-05;2.88;57244.1;4
0.01;9e-05;2.88;540.639;4
0.019;9e-05;2.88;1951.71;4
0.028;9e-05;2.88;4238.61;4
0.037;9e-05;2.88;7401.34;4
0.046;9e-05;2.88;11439.9;4
0.055;9e-05;2.88;16354.3;4
0.064;9e-05;2.88;22144.6;4
0.073;9e-05;2.88;28810.6;4
0.082;9e-05;2.88;36352.5;4
0.091;9e-05;2.88;44770.3;4
0.1;9e-05;2.88;54063.9;4
0.01;9.5e-05;2.88;512.184;4
0.019;9.5e-05;2.88;1848.98;4
0.028;9.5e-05;2.88;4015.52;4
0.037;9.5e-05;2.88;7011.8;4
0.046;9.5e-05;2.88;10837.8;4
0.055;9.5e-05;2.88;15493.6;4
0.064;9.5e-05;2.88;20979.1;4
0.073;9.5e-05;2.88;27294.3;4
0.082;9.5e-05;2.88;34439.3;4
0.091;9.5e-05;2.88;42414;4
0.1;9.5e-05;2.88;51218.4;4
0.01;0.0001;2.88;486.575;4
0.019;0.0001;2.88;1756.53;4
0.028;0.0001;2.88;3814.75;4
0.037;0.0001;2.88;6661.21;4
0.046;0.0001;2.88;10295.9;4
0.055;0.0001;2.88;14718.9;4
0.064;0.0001;2.88;19930.1;4
0.073;0.0001;2.88;25929.6;4
0.082;0.0001;2.88;32717.3;4
0.091;0.0001;2.88;40293.3;4
0.1;0.0001;2.88;48657.5;4
0.01;5e-05;2.944;930.155;4
0.019;5e-05;2.944;3357.86;4
0.028;5e-05;2.944;7292.41;4
0.037;5e-05;2.944;12733.8;4
0.046;5e-05;2.944;19682.1;4
0.055;5e-05;2.944;28137.2;4
0.064;5e-05;2.944;38099.1;4
0.073;5e-05;2.944;49568;4
0.082;5e-05;2.944;62543.6;4
0.091;5e-05;2.944;77026.1;4
0.1;5e-05;2.944;93015.5;4
0.01;5.5e-05;2.944;845.595;4
0.019;5.5e-05;2.944;3052.6;4
0.028;5.5e-05;2.944;6629.47;4
0.037;5.5e-05;2.944;11576.2;4
0.046;5.5e-05;2.944;17892.8;4
0.055;5.5e-05;2.944;25579.3;4
0.064;5.5e-05;2.944;34635.6;4
0.073;5.5e-05;2.944;45061.8;4
0.082;5.5e-05;2.944;56857.8;4
0.091;5.5e-05;2.944;70023.7;4
0.1;5.5e-05;2.944;84559.5;4
0.01;6e-05;2.944;775.129;4
0.019;6e-05;2.944;2798.22;4
0.028;6e-05;2.944;6077.01;4
0.037;6e-05;2.944;10611.5;4
0.046;6e-05;2.944;16401.7;4
0.055;6e-05;2.944;23447.7;4
0.064;6e-05;2.944;31749.3;4
0.073;6e-05;2.944;41306.6;4
0.082;6e-05;2.944;52119.7;4
0.091;6e-05;2.944;64188.4;4
0.1;6e-05;2.944;77512.9;4
0.01;6.5e-05;2.944;715.504;4
0.019;6.5e-05;2.944;2582.97;4
0.028;6.5e-05;2.944;5609.55;4
0.037;6.5e-05;2.944;9795.25;4
0.046;6.5e-05;2.944;15140.1;4
0.055;6.5e-05;2.944;21644;4
0.064;6.5e-05;2.944;29307;4
0.073;6.5e-05;2.944;38129.2;4
0.082;6.5e-05;2.944;48110.5;4
0.091;6.5e-05;2.944;59250.9;4
0.1;6.5e-05;2.944;71550.4;4
0.01;7e-05;2.944;664.396;4
0.019;7e-05;2.944;2398.47;4
0.028;7e-05;2.944;5208.87;4
0.037;7e-05;2.944;9095.59;4
0.046;7e-05;2.944;14058.6;4
0.055;7e-05;2.944;20098;4
0.064;7e-05;2.944;27213.7;4
0.073;7e-05;2.944;35405.7;4
0.082;7e-05;2.944;44674;4
0.091;7e-05;2.944;55018.7;4
0.1;7e-05;2.944;66439.6;4
0.01;7.5e-05;2.944;620.103;4
0.019;7.5e-05;2.944;2238.57;4
0.028;7.5e-05;2.944;4861.61;4
0.037;7.5e-05;2.944;8489.21;4
0.046;7.5e-05;2.944;13121.4;4
0.055;7.5e-05;2.944;18758.1;4
0.064;7.5e-05;2.944;25399.4;4
0.073;7.5e-05;2.944;33045.3;4
0.082;7.5e-05;2.944;41695.7;4
0.091;7.5e-05;2.944;51350.7;4
0.1;7.5e-05;2.944;62010.3;4
0.01;8e-05;2.944;581.347;4
0.019;8e-05;2.944;2098.66;4
0.028;8e-05;2.944;4557.76;4
0.037;8e-05;2.944;7958.64;4
0.046;8e-05;2.944;12301.3;4
0.055;8e-05;2.944;17585.7;4
0.064;8e-05;2.944;23812;4
0.073;8e-05;2.944;30980;4
0.082;8e-05;2.944;39089.8;4
0.091;8e-05;2.944;48141.3;4
0.1;8e-05;2.944;58134.7;4
0.01;8.5e-05;2.944;547.15;4
0.019;8.5e-05;2.944;1975.21;4
0.028;8.5e-05;2.944;4289.66;4
0.037;8.5e-05;2.944;7490.48;4
0.046;8.5e-05;2.944;11577.7;4
0.055;8.5e-05;2.944;16551.3;4
0.064;8.5e-05;2.944;22411.3;4
0.073;8.5e-05;2.944;29157.6;4
0.082;8.5e-05;2.944;36790.4;4
0.091;8.5e-05;2.944;45309.5;4
0.1;8.5e-05;2.944;54715;4
0.01;9e-05;2.944;516.753;4
0.019;9e-05;2.944;1865.48;4
0.028;9e-05;2.944;4051.34;4
0.037;9e-05;2.944;7074.34;4
0.046;9e-05;2.944;10934.5;4
0.055;9e-05;2.944;15631.8;4
0.064;9e-05;2.944;21166.2;4
0.073;9e-05;2.944;27537.8;4
0.082;9e-05;2.944;34746.5;4
0.091;9e-05;2.944;42792.3;4
0.1;9e-05;2.944;51675.3;4
0.01;9.5e-05;2.944;489.555;4
0.019;9.5e-05;2.944;1767.29;4
0.028;9.5e-05;2.944;3838.11;4
0.037;9.5e-05;2.944;6702.01;4
0.046;9.5e-05;2.944;10359;4
0.055;9.5e-05;2.944;14809;4
0.064;9.5e-05;2.944;20052.2;4
0.073;9.5e-05;2.944;26088.4;4
0.082;9.5e-05;2.944;32917.7;4
0.091;9.5e-05;2.944;40540.1;4
0.1;9.5e-05;2.944;48955.5;4
0.01;0.0001;2.944;465.077;4
0.019;0.0001;2.944;1678.93;4
0.028;0.0001;2.944;3646.21;4
0.037;0.0001;2.944;6366.91;4
0.046;0.0001;2.944;9841.04;4
0.055;0.0001;2.944;14068.6;4
0.064;0.0001;2.944;19049.6;4
0.073;0.0001;2.944;24784;4
0.082;0.0001;2.944;31271.8;4
0.091;0.0001;2.944;38513.1;4
0.1;0.0001;2.944;46507.7;4
0.01;5e-05;3.008;888.448;4
0.019;5e-05;3.008;3207.3;4
0.028;5e-05;3.008;6965.43;4
0.037;5e-05;3.008;12162.8;4
0.046;5e-05;3.008;18799.6;4
0.055;5e-05;3.008;26875.5;4
0.064;5e-05;3.008;36390.8;4
0.073;5e-05;3.008;47345.4;4
0.082;5e-05;3.008;59739.2;4
0.091;5e-05;3.008;73572.3;4
0.1;5e-05;3.008;88844.8;4
0.01;5.5e-05;3.008;807.68;4
0.019;5.5e-05;3.008;2915.72;4
0.028;5.5e-05;3.008;6332.21;4
0.037;5.5e-05;3.008;11057.1;4
0.046;5.5e-05;3.008;17090.5;4
0.055;5.5e-05;3.008;24432.3;4
0.064;5.5e-05;3.008;33082.6;4
0.073;5.5e-05;3.008;43041.2;4
0.082;5.5e-05;3.008;54308.4;4
0.091;5.5e-05;3.008;66883.9;4
0.1;5.5e-05;3.008;80768;4
0.01;6e-05;3.008;740.373;4
0.019;6e-05;3.008;2672.75;4
0.028;6e-05;3.008;5804.52;4
0.037;6e-05;3.008;10135.7;4
0.046;6e-05;3.008;15666.3;4
0.055;6e-05;3.008;22396.3;4
0.064;6e-05;3.008;30325.7;4
0.073;6e-05;3.008;39454.5;4
0.082;6e-05;3.008;49782.7;4
0.091;6e-05;3.008;61310.3;4
0.1;6e-05;3.008;74037.3;4
0.01;6.5e-05;3.008;683.421;4
0.019;6.5e-05;3.008;2467.15;4
0.028;6.5e-05;3.008;5358.02;4
0.037;6.5e-05;3.008;9356.04;4
0.046;6.5e-05;3.008;14461.2;4
0.055;6.5e-05;3.008;20673.5;4
0.064;6.5e-05;3.008;27992.9;4
0.073;6.5e-05;3.008;36419.5;4
0.082;6.5e-05;3.008;45953.2;4
0.091;6.5e-05;3.008;56594.1;4
0.1;6.5e-05;3.008;68342.1;4
0.01;7e-05;3.008;634.605;4
0.019;7e-05;3.008;2290.93;4
0.028;7e-05;3.008;4975.31;4
0.037;7e-05;3.008;8687.75;4
0.046;7e-05;3.008;13428.3;4
0.055;7e-05;3.008;19196.8;4
0.064;7e-05;3.008;25993.4;4
0.073;7e-05;3.008;33818.1;4
0.082;7e-05;3.008;42670.9;4
0.091;7e-05;3.008;52551.7;4
0.1;7e-05;3.008;63460.5;4
0.01;7.5e-05;3.008;592.298;4
0.019;7.5e-05;3.008;2138.2;4
0.028;7.5e-05;3.008;4643.62;4
0.037;7.5e-05;3.008;8108.56;4
0.046;7.5e-05;3.008;12533;4
0.055;7.5e-05;3.008;17917;4
0.064;7.5e-05;3.008;24260.5;4
0.073;7.5e-05;3.008;31563.6;4
0.082;7.5e-05;3.008;39826.1;4
0.091;7.5e-05;3.008;49048.2;4
0.1;7.5e-05;3.008;59229.8;4
0.01;8e-05;3.008;555.28;4
0.019;8e-05;3.008;2004.56;4
0.028;8e-05;3.008;4353.39;4
0.037;8e-05;3.008;7601.78;4
0.046;8e-05;3.008;11749.7;4
0.055;8e-05;3.008;16797.2;4
0.064;8e-05;3.008;22744.3;4
0.073;8e-05;3.008;29590.9;4
0.082;8e-05;3.008;37337;4
0.091;8e-05;3.008;45982.7;4
0.1;8e-05;3.008;55528;4
0.01;8.5e-05;3.008;522.616;4
0.019;8.5e-05;3.008;1886.64;4
0.028;8.5e-05;3.008;4097.31;4
0.037;8.5e-05;3.008;7154.62;4
0.046;8.5e-05;3.008;11058.6;4
0.055;8.5e-05;3.008;15809.1;4
0.064;8.5e-05;3.008;21406.4;4
0.073;8.5e-05;3.008;27850.2;4
0.082;8.5e-05;3.008;35140.7;4
0.091;8.5e-05;3.008;43277.8;4
0.1;8.5e-05;3.008;52261.6;4
0.01;9e-05;3.008;493.582;4
0.019;9e-05;3.008;1781.83;4
0.028;9e-05;3.008;3869.68;4
0.037;9e-05;3.008;6757.14;4
0.046;9e-05;3.008;10444.2;4
0.055;9e-05;3.008;14930.9;4
0.064;9e-05;3.008;20217.1;4
0.073;9e-05;3.008;26303;4
0.082;9e-05;3.008;33188.5;4
0.091;9e-05;3.008;40873.5;4
0.1;9e-05;3.008;49358.2;4
0.01;9.5e-05;3.008;467.604;4
0.019;9.5e-05;3.008;1688.05;4
0.028;9.5e-05;3.008;3666.02;4
0.037;9.5e-05;3.008;6401.5;4
0.046;9.5e-05;3.008;9894.5;4
0.055;9.5e-05;3.008;14145;4
0.064;9.5e-05;3.008;19153.1;4
0.073;9.5e-05;3.008;24918.6;4
0.082;9.5e-05;3.008;31441.7;4
0.091;9.5e-05;3.008;38722.3;4
0.1;9.5e-05;3.008;46760.4;4
0.01;0.0001;3.008;444.224;4
0.019;0.0001;3.008;1603.65;4
0.028;0.0001;3.008;3482.71;4
0.037;0.0001;3.008;6081.42;4
0.046;0.0001;3.008;9399.78;4
0.055;0.0001;3.008;13437.8;4
0.064;0.0001;3.008;18195.4;4
0.073;0.0001;3.008;23672.7;4
0.082;0.0001;3.008;29869.6;4
0.091;0.0001;3.008;36786.2;4
0.1;0.0001;3.008;44422.4;4
0.01;5e-05;3.072;847.892;4
0.019;5e-05;3.072;3060.89;4
0.028;5e-05;3.072;6647.48;4
0.037;5e-05;3.072;11607.6;4
0.046;5e-05;3.072;17941.4;4
0.055;5e-05;3.072;25648.7;4
0.064;5e-05;3.072;34729.7;4
0.073;5e-05;3.072;45184.2;4
0.082;5e-05;3.072;57012.3;4
0.091;5e-05;3.072;70214;4
0.1;5e-05;3.072;84789.2;4
0.01;5.5e-05;3.072;770.811;4
0.019;5.5e-05;3.072;2782.63;4
0.028;5.5e-05;3.072;6043.16;4
0.037;5.5e-05;3.072;10552.4;4
0.046;5.5e-05;3.072;16310.4;4
0.055;5.5e-05;3.072;23317;4
0.064;5.5e-05;3.072;31572.4;4
0.073;5.5e-05;3.072;41076.5;4
0.082;5.5e-05;3.072;51829.4;4
0.091;5.5e-05;3.072;63830.9;4
0.1;5.5e-05;3.072;77081.1;4
0.01;6e-05;3.072;706.577;4
0.019;6e-05;3.072;2550.74;4
0.028;6e-05;3.072;5539.56;4
0.037;6e-05;3.072;9673.04;4
0.046;6e-05;3.072;14951.2;4
0.055;6e-05;3.072;21374;4
0.064;6e-05;3.072;28941.4;4
0.073;6e-05;3.072;37653.5;4
0.082;6e-05;3.072;47510.2;4
0.091;6e-05;3.072;58511.6;4
0.1;6e-05;3.072;70657.7;4
0.01;6.5e-05;3.072;652.225;4
0.019;6.5e-05;3.072;2354.53;4
0.028;6.5e-05;3.072;5113.44;4
0.037;6.5e-05;3.072;8928.96;4
0.046;6.5e-05;3.072;13801.1;4
0.055;6.5e-05;3.072;19729.8;4
0.064;6.5e-05;3.072;26715.1;4
0.073;6.5e-05;3.072;34757.1;4
0.082;6.5e-05;3.072;43855.6;4
0.091;6.5e-05;3.072;54010.7;4
0.1;6.5e-05;3.072;65222.5;4
0.01;7e-05;3.072;605.637;4
0.019;7e-05;3.072;2186.35;4
0.028;7e-05;3.072;4748.2;4
0.037;7e-05;3.072;8291.18;4
0.046;7e-05;3.072;12815.3;4
0.055;7e-05;3.072;18320.5;4
0.064;7e-05;3.072;24806.9;4
0.073;7e-05;3.072;32274.4;4
0.082;7e-05;3.072;40723.1;4
0.091;7e-05;3.072;50152.8;4
0.1;7e-05;3.072;60563.7;4
0.01;7.5e-05;3.072;565.262;4
0.019;7.5e-05;3.072;2040.59;4
0.028;7.5e-05;3.072;4431.65;4
0.037;7.5e-05;3.072;7738.43;4
0.046;7.5e-05;3.072;11960.9;4
0.055;7.5e-05;3.072;17099.2;4
0.064;7.5e-05;3.072;23153.1;4
0.073;7.5e-05;3.072;30122.8;4
0.082;7.5e-05;3.072;38008.2;4
0.091;7.5e-05;3.072;46809.3;4
0.1;7.5e-05;3.072;56526.2;4
0.01;8e-05;3.072;529.933;4
0.019;8e-05;3.072;1913.06;4
0.028;8e-05;3.072;4154.67;4
0.037;8e-05;3.072;7254.78;4
0.046;8e-05;3.072;11213.4;4
0.055;8e-05;3.072;16030.5;4
0.064;8e-05;3.072;21706;4
0.073;8e-05;3.072;28240.1;4
0.082;8e-05;3.072;35632.7;4
0.091;8e-05;3.072;43883.7;4
0.1;8e-05;3.072;52993.3;4
0.01;8.5e-05;3.072;498.76;4
0.019;8.5e-05;3.072;1800.52;4
0.028;8.5e-05;3.072;3910.28;4
0.037;8.5e-05;3.072;6828.03;4
0.046;8.5e-05;3.072;10553.8;4
0.055;8.5e-05;3.072;15087.5;4
0.064;8.5e-05;3.072;20429.2;4
0.073;8.5e-05;3.072;26578.9;4
0.082;8.5e-05;3.072;33536.6;4
0.091;8.5e-05;3.072;41302.3;4
0.1;8.5e-05;3.072;49876;4
0.01;9e-05;3.072;471.051;4
0.019;9e-05;3.072;1700.5;4
0.028;9e-05;3.072;3693.04;4
0.037;9e-05;3.072;6448.69;4
0.046;9e-05;3.072;9967.45;4
0.055;9e-05;3.072;14249.3;4
0.064;9e-05;3.072;19294.3;4
0.073;9e-05;3.072;25102.3;4
0.082;9e-05;3.072;31673.5;4
0.091;9e-05;3.072;39007.8;4
0.1;9e-05;3.072;47105.1;4
0.01;9.5e-05;3.072;446.259;4
0.019;9.5e-05;3.072;1611;4
0.028;9.5e-05;3.072;3498.67;4
0.037;9.5e-05;3.072;6109.29;4
0.046;9.5e-05;3.072;9442.84;4
0.055;9.5e-05;3.072;13499.3;4
0.064;9.5e-05;3.072;18278.8;4
0.073;9.5e-05;3.072;23781.2;4
0.082;9.5e-05;3.072;30006.5;4
0.091;9.5e-05;3.072;36954.7;4
0.1;9.5e-05;3.072;44625.9;4
0.01;0.0001;3.072;423.946;4
0.019;0.0001;3.072;1530.45;4
0.028;0.0001;3.072;3323.74;4
0.037;0.0001;3.072;5803.82;4
0.046;0.0001;3.072;8970.7;4
0.055;0.0001;3.072;12824.4;4
0.064;0.0001;3.072;17364.8;4
0.073;0.0001;3.072;22592.1;4
0.082;0.0001;3.072;28506.1;4
0.091;0.0001;3.072;35107;4
0.1;0.0001;3.072;42394.6;4
0.01;5e-05;3.136;808.355;4
0.019;5e-05;3.136;2918.16;4
0.028;5e-05;3.136;6337.51;4
0.037;5e-05;3.136;11066.4;4
0.046;5e-05;3.136;17104.8;4
0.055;5e-05;3.136;24452.8;4
0.064;5e-05;3.136;33110.2;4
0.073;5e-05;3.136;43077.3;4
0.082;5e-05;3.136;54353.8;4
0.091;5e-05;3.136;66939.9;4
0.1;5e-05;3.136;80835.5;4
0.01;5.5e-05;3.136;734.869;4
0.019;5.5e-05;3.136;2652.88;4
0.028;5.5e-05;3.136;5761.37;4
0.037;5.5e-05;3.136;10060.4;4
0.046;5.5e-05;3.136;15549.8;4
0.055;5.5e-05;3.136;22229.8;4
0.064;5.5e-05;3.136;30100.2;4
0.073;5.5e-05;3.136;39161.1;4
0.082;5.5e-05;3.136;49412.6;4
0.091;5.5e-05;3.136;60854.5;4
0.1;5.5e-05;3.136;73486.9;4
0.01;6e-05;3.136;673.63;4
0.019;6e-05;3.136;2431.8;4
0.028;6e-05;3.136;5281.26;4
0.037;6e-05;3.136;9221.99;4
0.046;6e-05;3.136;14254;4
0.055;6e-05;3.136;20377.3;4
0.064;6e-05;3.136;27591.9;4
0.073;6e-05;3.136;35897.7;4
0.082;6e-05;3.136;45294.8;4
0.091;6e-05;3.136;55783.3;4
0.1;6e-05;3.136;67363;4
0.01;6.5e-05;3.136;621.812;4
0.019;6.5e-05;3.136;2244.74;4
0.028;6.5e-05;3.136;4875.01;4
0.037;6.5e-05;3.136;8512.6;4
0.046;6.5e-05;3.136;13157.5;4
0.055;6.5e-05;3.136;18809.8;4
0.064;6.5e-05;3.136;25469.4;4
0.073;6.5e-05;3.136;33136.4;4
0.082;6.5e-05;3.136;41810.6;4
0.091;6.5e-05;3.136;51492.2;4
0.1;6.5e-05;3.136;62181.2;4
0.01;7e-05;3.136;577.397;4
0.019;7e-05;3.136;2084.4;4
0.028;7e-05;3.136;4526.79;4
0.037;7e-05;3.136;7904.56;4
0.046;7e-05;3.136;12217.7;4
0.055;7e-05;3.136;17466.3;4
0.064;7e-05;3.136;23650.2;4
0.073;7e-05;3.136;30769.5;4
0.082;7e-05;3.136;38824.2;4
0.091;7e-05;3.136;47814.2;4
0.1;7e-05;3.136;57739.7;4
0.01;7.5e-05;3.136;538.904;4
0.019;7.5e-05;3.136;1945.44;4
0.028;7.5e-05;3.136;4225;4
0.037;7.5e-05;3.136;7377.59;4
0.046;7.5e-05;3.136;11403.2;4
0.055;7.5e-05;3.136;16301.8;4
0.064;7.5e-05;3.136;22073.5;4
0.073;7.5e-05;3.136;28718.2;4
0.082;7.5e-05;3.136;36235.9;4
0.091;7.5e-05;3.136;44626.6;4
0.1;7.5e-05;3.136;53890.4;4
0.01;8e-05;3.136;505.222;4
0.019;8e-05;3.136;1823.85;4
0.028;8e-05;3.136;3960.94;4
0.037;8e-05;3.136;6916.49;4
0.046;8e-05;3.136;10690.5;4
0.055;8e-05;3.136;15283;4
0.064;8e-05;3.136;20693.9;4
0.073;8e-05;3.136;26923.3;4
0.082;8e-05;3.136;33971.1;4
0.091;8e-05;3.136;41837.4;4
0.1;8e-05;3.136;50522.2;4
0.01;8.5e-05;3.136;475.503;4
0.019;8.5e-05;3.136;1716.57;4
0.028;8.5e-05;3.136;3727.95;4
0.037;8.5e-05;3.136;6509.64;4
0.046;8.5e-05;3.136;10061.6;4
0.055;8.5e-05;3.136;14384;4
0.064;8.5e-05;3.136;19476.6;4
0.073;8.5e-05;3.136;25339.6;4
0.082;8.5e-05;3.136;31972.8;4
0.091;8.5e-05;3.136;39376.4;4
0.1;8.5e-05;3.136;47550.3;4
0.01;9e-05;3.136;449.086;4
0.019;9e-05;3.136;1621.2;4
0.028;9e-05;3.136;3520.84;4
0.037;9e-05;3.136;6147.99;4
0.046;9e-05;3.136;9502.67;4
0.055;9e-05;3.136;13584.9;4
0.064;9e-05;3.136;18394.6;4
0.073;9e-05;3.136;23931.8;4
0.082;9e-05;3.136;30196.6;4
0.091;9e-05;3.136;37188.8;4
0.1;9e-05;3.136;44908.6;4
0.01;9.5e-05;3.136;425.45;4
0.019;9.5e-05;3.136;1535.88;4
0.028;9.5e-05;3.136;3335.53;4
0.037;9.5e-05;3.136;5824.41;4
0.046;9.5e-05;3.136;9002.53;4
0.055;9.5e-05;3.136;12869.9;4
0.064;9.5e-05;3.136;17426.4;4
0.073;9.5e-05;3.136;22672.2;4
0.082;9.5e-05;3.136;28607.3;4
0.091;9.5e-05;3.136;35231.5;4
0.1;9.5e-05;3.136;42545;4
0.01;0.0001;3.136;404.178;4
0.019;0.0001;3.136;1459.08;4
0.028;0.0001;3.136;3168.75;4
0.037;0.0001;3.136;5533.19;4
0.046;0.0001;3.136;8552.4;4
0.055;0.0001;3.136;12226.4;4
0.064;0.0001;3.136;16555.1;4
0.073;0.0001;3.136;21538.6;4
0.082;0.0001;3.136;27176.9;4
0.091;0.0001;3.136;33470;4
0.1;0.0001;3.136;40417.8;4
0.01;5e-05;3.2;769.701;4
0.019;5e-05;3.2;2778.62;4
0.028;5e-05;3.2;6034.46;4
0.037;5e-05;3.2;10537.2;4
0.046;5e-05;3.2;16286.9;4
0.055;5e-05;3.2;23283.5;4
0.064;5e-05;3.2;31527;4
0.073;5e-05;3.2;41017.4;4
0.082;5e-05;3.2;51754.7;4
0.091;5e-05;3.2;63738.9;4
0.1;5e-05;3.2;76970.1;4
0.01;5.5e-05;3.2;699.728;4
0.019;5.5e-05;3.2;2526.02;4
0.028;5.5e-05;3.2;5485.87;4
0.037;5.5e-05;3.2;9579.28;4
0.046;5.5e-05;3.2;14806.2;4
0.055;5.5e-05;3.2;21166.8;4
0.064;5.5e-05;3.2;28660.9;4
0.073;5.5e-05;3.2;37288.5;4
0.082;5.5e-05;3.2;47049.7;4
0.091;5.5e-05;3.2;57944.5;4
0.1;5.5e-05;3.2;69972.8;4
0.01;6e-05;3.2;641.418;4
0.019;6e-05;3.2;2315.52;4
0.028;6e-05;3.2;5028.71;4
0.037;6e-05;3.2;8781.01;4
0.046;6e-05;3.2;13572.4;4
0.055;6e-05;3.2;19402.9;4
0.064;6e-05;3.2;26272.5;4
0.073;6e-05;3.2;34181.1;4
0.082;6e-05;3.2;43128.9;4
0.091;6e-05;3.2;53115.8;4
0.1;6e-05;3.2;64141.8;4
0.01;6.5e-05;3.2;592.078;4
0.019;6.5e-05;3.2;2137.4;4
0.028;6.5e-05;3.2;4641.89;4
0.037;6.5e-05;3.2;8105.54;4
0.046;6.5e-05;3.2;12528.4;4
0.055;6.5e-05;3.2;17910.4;4
0.064;6.5e-05;3.2;24251.5;4
0.073;6.5e-05;3.2;31551.8;4
0.082;6.5e-05;3.2;39811.3;4
0.091;6.5e-05;3.2;49030;4
0.1;6.5e-05;3.2;59207.8;4
0.01;7e-05;3.2;549.786;4
0.019;7e-05;3.2;1984.73;4
0.028;7e-05;3.2;4310.33;4
0.037;7e-05;3.2;7526.58;4
0.046;7e-05;3.2;11633.5;4
0.055;7e-05;3.2;16631;4
0.064;7e-05;3.2;22519.3;4
0.073;7e-05;3.2;29298.1;4
0.082;7e-05;3.2;36967.6;4
0.091;7e-05;3.2;45527.8;4
0.1;7e-05;3.2;54978.6;4
0.01;7.5e-05;3.2;513.134;4
0.019;7.5e-05;3.2;1852.41;4
0.028;7.5e-05;3.2;4022.97;4
0.037;7.5e-05;3.2;7024.8;4
0.046;7.5e-05;3.2;10857.9;4
0.055;7.5e-05;3.2;15522.3;4
0.064;7.5e-05;3.2;21018;4
0.073;7.5e-05;3.2;27344.9;4
0.082;7.5e-05;3.2;34503.1;4
0.091;7.5e-05;3.2;42492.6;4
0.1;7.5e-05;3.2;51313.4;4
0.01;8e-05;3.2;481.063;4
0.019;8e-05;3.2;1736.64;4
0.028;8e-05;3.2;3771.53;4
0.037;8e-05;3.2;6585.75;4
0.046;8e-05;3.2;10179.3;4
0.055;8e-05;3.2;14552.2;4
0.064;8e-05;3.2;19704.3;4
0.073;8e-05;3.2;25635.9;4
0.082;8e-05;3.2;32346.7;4
0.091;8e-05;3.2;39836.8;4
0.1;8e-05;3.2;48106.3;4
0.01;8.5e-05;3.2;452.765;4
0.019;8.5e-05;3.2;1634.48;4
0.028;8.5e-05;3.2;3549.68;4
0.037;8.5e-05;3.2;6198.36;4
0.046;8.5e-05;3.2;9580.51;4
0.055;8.5e-05;3.2;13696.2;4
0.064;8.5e-05;3.2;18545.3;4
0.073;8.5e-05;3.2;24127.9;4
0.082;8.5e-05;3.2;30443.9;4
0.091;8.5e-05;3.2;37493.5;4
0.1;8.5e-05;3.2;45276.5;4
0.01;9e-05;3.2;427.612;4
0.019;9e-05;3.2;1543.68;4
0.028;9e-05;3.2;3352.48;4
0.037;9e-05;3.2;5854;4
0.046;9e-05;3.2;9048.26;4
0.055;9e-05;3.2;12935.3;4
0.064;9e-05;3.2;17515;4
0.073;9e-05;3.2;22787.4;4
0.082;9e-05;3.2;28752.6;4
0.091;9e-05;3.2;35410.5;4
0.1;9e-05;3.2;42761.2;4
0.01;9.5e-05;3.2;405.106;4
0.019;9.5e-05;3.2;1462.43;4
0.028;9.5e-05;3.2;3176.03;4
0.037;9.5e-05;3.2;5545.9;4
0.046;9.5e-05;3.2;8572.04;4
0.055;9.5e-05;3.2;12254.5;4
0.064;9.5e-05;3.2;16593.1;4
0.073;9.5e-05;3.2;21588.1;4
0.082;9.5e-05;3.2;27239.3;4
0.091;9.5e-05;3.2;33546.8;4
0.1;9.5e-05;3.2;40510.6;4
0.01;0.0001;3.2;384.851;4
0.019;0.0001;3.2;1389.31;4
0.028;0.0001;3.2;3017.23;4
0.037;0.0001;3.2;5268.6;4
0.046;0.0001;3.2;8143.44;4
0.055;0.0001;3.2;11641.7;4
0.064;0.0001;3.2;15763.5;4
0.073;0.0001;3.2;20508.7;4
0.082;0.0001;3.2;25877.3;4
0.091;0.0001;3.2;31869.5;4
0.1;0.0001;3.2;38485.1;4
0.01;5e-05;3.264;731.789;4
0.019;5e-05;3.264;2641.76;4
0.028;5e-05;3.264;5737.22;4
0.037;5e-05;3.264;10018.2;4
0.046;5e-05;3.264;15484.6;4
0.055;5e-05;3.264;22136.6;4
0.064;5e-05;3.264;29974.1;4
0.073;5e-05;3.264;38997;4
0.082;5e-05;3.264;49205.5;4
0.091;5e-05;3.264;60599.4;4
0.1;5e-05;3.264;73178.9;4
0.01;5.5e-05;3.264;665.262;4
0.019;5.5e-05;3.264;2401.6;4
0.028;5.5e-05;3.264;5215.66;4
0.037;5.5e-05;3.264;9107.44;4
0.046;5.5e-05;3.264;14077;4
0.055;5.5e-05;3.264;20124.2;4
0.064;5.5e-05;3.264;27249.1;4
0.073;5.5e-05;3.264;35451.8;4
0.082;5.5e-05;3.264;44732.2;4
0.091;5.5e-05;3.264;55090.4;4
0.1;5.5e-05;3.264;66526.2;4
0.01;6e-05;3.264;609.824;4
0.019;6e-05;3.264;2201.46;4
0.028;6e-05;3.264;4781.02;4
0.037;6e-05;3.264;8348.49;4
0.046;6e-05;3.264;12903.9;4
0.055;6e-05;3.264;18447.2;4
0.064;6e-05;3.264;24978.4;4
0.073;6e-05;3.264;32497.5;4
0.082;6e-05;3.264;41004.6;4
0.091;6e-05;3.264;50499.5;4
0.1;6e-05;3.264;60982.4;4
0.01;6.5e-05;3.264;562.914;4
0.019;6.5e-05;3.264;2032.12;4
0.028;6.5e-05;3.264;4413.25;4
0.037;6.5e-05;3.264;7706.3;4
0.046;6.5e-05;3.264;11911.3;4
0.055;6.5e-05;3.264;17028.2;4
0.064;6.5e-05;3.264;23057;4
0.073;6.5e-05;3.264;29997.7;4
0.082;6.5e-05;3.264;37850.4;4
0.091;6.5e-05;3.264;46614.9;4
0.1;6.5e-05;3.264;56291.4;4
0.01;7e-05;3.264;522.706;4
0.019;7e-05;3.264;1886.97;4
0.028;7e-05;3.264;4098.02;4
0.037;7e-05;3.264;7155.85;4
0.046;7e-05;3.264;11060.5;4
0.055;7e-05;3.264;15811.9;4
0.064;7e-05;3.264;21410;4
0.073;7e-05;3.264;27855;4
0.082;7e-05;3.264;35146.8;4
0.091;7e-05;3.264;43285.3;4
0.1;7e-05;3.264;52270.6;4
0.01;7.5e-05;3.264;487.859;4
0.019;7.5e-05;3.264;1761.17;4
0.028;7.5e-05;3.264;3824.81;4
0.037;7.5e-05;3.264;6678.79;4
0.046;7.5e-05;3.264;10323.1;4
0.055;7.5e-05;3.264;14757.7;4
0.064;7.5e-05;3.264;19982.7;4
0.073;7.5e-05;3.264;25998;4
0.082;7.5e-05;3.264;32803.6;4
0.091;7.5e-05;3.264;40399.6;4
0.1;7.5e-05;3.264;48785.9;4
0.01;8e-05;3.264;457.368;4
0.019;8e-05;3.264;1651.1;4
0.028;8e-05;3.264;3585.76;4
0.037;8e-05;3.264;6261.37;4
0.046;8e-05;3.264;9677.9;4
0.055;8e-05;3.264;13835.4;4
0.064;8e-05;3.264;18733.8;4
0.073;8e-05;3.264;24373.1;4
0.082;8e-05;3.264;30753.4;4
0.091;8e-05;3.264;37874.6;4
0.1;8e-05;3.264;45736.8;4
0.01;8.5e-05;3.264;430.464;4
0.019;8.5e-05;3.264;1553.97;4
0.028;8.5e-05;3.264;3374.84;4
0.037;8.5e-05;3.264;5893.05;4
0.046;8.5e-05;3.264;9108.62;4
0.055;8.5e-05;3.264;13021.5;4
0.064;8.5e-05;3.264;17631.8;4
0.073;8.5e-05;3.264;22939.4;4
0.082;8.5e-05;3.264;28944.4;4
0.091;8.5e-05;3.264;35646.7;4
0.1;8.5e-05;3.264;43046.4;4
0.01;9e-05;3.264;406.549;4
0.019;9e-05;3.264;1467.64;4
0.028;9e-05;3.264;3187.35;4
0.037;9e-05;3.264;5565.66;4
0.046;9e-05;3.264;8602.58;4
0.055;9e-05;3.264;12298.1;4
0.064;9e-05;3.264;16652.3;4
0.073;9e-05;3.264;21665;4
0.082;9e-05;3.264;27336.4;4
0.091;9e-05;3.264;33666.3;4
0.1;9e-05;3.264;40654.9;4
0.01;9.5e-05;3.264;385.152;4
0.019;9.5e-05;3.264;1390.4;4
0.028;9.5e-05;3.264;3019.59;4
0.037;9.5e-05;3.264;5272.73;4
0.046;9.5e-05;3.264;8149.81;4
0.055;9.5e-05;3.264;11650.8;4
0.064;9.5e-05;3.264;15775.8;4
0.073;9.5e-05;3.264;20524.7;4
0.082;9.5e-05;3.264;25897.6;4
0.091;9.5e-05;3.264;31894.4;4
0.1;9.5e-05;3.264;38515.2;4
0.01;0.0001;3.264;365.894;4
0.019;0.0001;3.264;1320.88;4
0.028;0.0001;3.264;2868.61;4
0.037;0.0001;3.264;5009.09;4
0.046;0.0001;3.264;7742.32;4
0.055;0.0001;3.264;11068.3;4
0.064;0.0001;3.264;14987;4
0.073;0.0001;3.264;19498.5;4
0.082;0.0001;3.264;24602.7;4
0.091;0.0001;3.264;30299.7;4
0.1;0.0001;3.264;36589.4;4
0.01;5e-05;3.328;694.468;4
0.019;5e-05;3.328;2507.03;4
0.028;5e-05;3.328;5444.63;4
0.037;5e-05;3.328;9507.27;4
0.046;5e-05;3.328;14694.9;4
0.055;5e-05;3.328;21007.7;4
0.064;5e-05;3.328;28445.4;4
0.073;5e-05;3.328;37008.2;4
0.082;5e-05;3.328;46696;4
0.091;5e-05;3.328;57508.9;4
0.1;5e-05;3.328;69446.8;4
0.01;5.5e-05;3.328;631.335;4
0.019;5.5e-05;3.328;2279.12;4
0.028;5.5e-05;3.328;4949.66;4
0.037;5.5e-05;3.328;8642.97;4
0.046;5.5e-05;3.328;13359;4
0.055;5.5e-05;3.328;19097.9;4
0.064;5.5e-05;3.328;25859.5;4
0.073;5.5e-05;3.328;33643.8;4
0.082;5.5e-05;3.328;42450.9;4
0.091;5.5e-05;3.328;52280.8;4
0.1;5.5e-05;3.328;63133.5;4
0.01;6e-05;3.328;578.723;4
0.019;6e-05;3.328;2089.19;4
0.028;6e-05;3.328;4537.19;4
0.037;6e-05;3.328;7922.72;4
0.046;6e-05;3.328;12245.8;4
0.055;6e-05;3.328;17506.4;4
0.064;6e-05;3.328;23704.5;4
0.073;6e-05;3.328;30840.2;4
0.082;6e-05;3.328;38913.4;4
0.091;6e-05;3.328;47924.1;4
0.1;6e-05;3.328;57872.3;4
0.01;6.5e-05;3.328;534.206;4
0.019;6.5e-05;3.328;1928.48;4
0.028;6.5e-05;3.328;4188.18;4
0.037;6.5e-05;3.328;7313.28;4
0.046;6.5e-05;3.328;11303.8;4
0.055;6.5e-05;3.328;16159.7;4
0.064;6.5e-05;3.328;21881.1;4
0.073;6.5e-05;3.328;28467.8;4
0.082;6.5e-05;3.328;35920;4
0.091;6.5e-05;3.328;44237.6;4
0.1;6.5e-05;3.328;53420.6;4
0.01;7e-05;3.328;496.049;4
0.019;7e-05;3.328;1790.74;4
0.028;7e-05;3.328;3889.02;4
0.037;7e-05;3.328;6790.91;4
0.046;7e-05;3.328;10496.4;4
0.055;7e-05;3.328;15005.5;4
0.064;7e-05;3.328;20318.1;4
0.073;7e-05;3.328;26434.4;4
0.082;7e-05;3.328;33354.3;4
0.091;7e-05;3.328;41077.8;4
0.1;7e-05;3.328;49604.9;4
0.01;7.5e-05;3.328;462.979;4
0.019;7.5e-05;3.328;1671.35;4
0.028;7.5e-05;3.328;3629.75;4
0.037;7.5e-05;3.328;6338.18;4
0.046;7.5e-05;3.328;9796.63;4
0.055;7.5e-05;3.328;14005.1;4
0.064;7.5e-05;3.328;18963.6;4
0.073;7.5e-05;3.328;24672.1;4
0.082;7.5e-05;3.328;31130.7;4
0.091;7.5e-05;3.328;38339.3;4
0.1;7.5e-05;3.328;46297.9;4
0.01;8e-05;3.328;434.043;4
0.019;8e-05;3.328;1566.89;4
0.028;8e-05;3.328;3402.89;4
0.037;8e-05;3.328;5942.04;4
0.046;8e-05;3.328;9184.34;4
0.055;8e-05;3.328;13129.8;4
0.064;8e-05;3.328;17778.4;4
0.073;8e-05;3.328;23130.1;4
0.082;8e-05;3.328;29185;4
0.091;8e-05;3.328;35943.1;4
0.1;8e-05;3.328;43404.3;4
0.01;8.5e-05;3.328;408.511;4
0.019;8.5e-05;3.328;1474.72;4
0.028;8.5e-05;3.328;3202.72;4
0.037;8.5e-05;3.328;5592.51;4
0.046;8.5e-05;3.328;8644.08;4
0.055;8.5e-05;3.328;12357.4;4
0.064;8.5e-05;3.328;16732.6;4
0.073;8.5e-05;3.328;21769.5;4
0.082;8.5e-05;3.328;27468.3;4
0.091;8.5e-05;3.328;33828.8;4
0.1;8.5e-05;3.328;40851.1;4
0.01;9e-05;3.328;385.816;4
0.019;9e-05;3.328;1392.79;4
0.028;9e-05;3.328;3024.79;4
0.037;9e-05;3.328;5281.82;4
0.046;9e-05;3.328;8163.86;4
0.055;9e-05;3.328;11670.9;4
0.064;9e-05;3.328;15803;4
0.073;9e-05;3.328;20560.1;4
0.082;9e-05;3.328;25942.2;4
0.091;9e-05;3.328;31949.4;4
0.1;9e-05;3.328;38581.6;4
0.01;9.5e-05;3.328;365.509;4
0.019;9.5e-05;3.328;1319.49;4
0.028;9.5e-05;3.328;2865.59;4
0.037;9.5e-05;3.328;5003.82;4
0.046;9.5e-05;3.328;7734.18;4
0.055;9.5e-05;3.328;11056.7;4
0.064;9.5e-05;3.328;14971.3;4
0.073;9.5e-05;3.328;19478;4
0.082;9.5e-05;3.328;24576.9;4
0.091;9.5e-05;3.328;30267.8;4
0.1;9.5e-05;3.328;36550.9;4
0.01;0.0001;3.328;347.234;4
0.019;0.0001;3.328;1253.51;4
0.028;0.0001;3.328;2722.31;4
0.037;0.0001;3.328;4753.63;4
0.046;0.0001;3.328;7347.47;4
0.055;0.0001;3.328;10503.8;4
0.064;0.0001;3.328;14222.7;4
0.073;0.0001;3.328;18504.1;4
0.082;0.0001;3.328;23348;4
0.091;0.0001;3.328;28754.4;4
0.1;0.0001;3.328;34723.4;4
0.01;5e-05;3.392;657.573;4
0.019;5e-05;3.392;2373.84;4
0.028;5e-05;3.392;5155.38;4
0.037;5e-05;3.392;9002.18;4
0.046;5e-05;3.392;13914.3;4
0.055;5e-05;3.392;19891.6;4
0.064;5e-05;3.392;26934.2;4
0.073;5e-05;3.392;35042.1;4
0.082;5e-05;3.392;44215.2;4
0.091;5e-05;3.392;54453.7;4
0.1;5e-05;3.392;65757.3;4
0.01;5.5e-05;3.392;597.794;4
0.019;5.5e-05;3.392;2158.04;4
0.028;5.5e-05;3.392;4686.71;4
0.037;5.5e-05;3.392;8183.8;4
0.046;5.5e-05;3.392;12649.3;4
0.055;5.5e-05;3.392;18083.3;4
0.064;5.5e-05;3.392;24485.6;4
0.073;5.5e-05;3.392;31856.4;4
0.082;5.5e-05;3.392;40195.7;4
0.091;5.5e-05;3.392;49503.3;4
0.1;5.5e-05;3.392;59779.4;4
0.01;6e-05;3.392;547.978;4
0.019;6e-05;3.392;1978.2;4
0.028;6e-05;3.392;4296.15;4
0.037;6e-05;3.392;7501.82;4
0.046;6e-05;3.392;11595.2;4
0.055;6e-05;3.392;16576.3;4
0.064;6e-05;3.392;22445.2;4
0.073;6e-05;3.392;29201.7;4
0.082;6e-05;3.392;36846;4
0.091;6e-05;3.392;45378;4
0.1;6e-05;3.392;54797.8;4
0.01;6.5e-05;3.392;505.826;4
0.019;6.5e-05;3.392;1826.03;4
0.028;6.5e-05;3.392;3965.67;4
0.037;6.5e-05;3.392;6924.75;4
0.046;6.5e-05;3.392;10703.3;4
0.055;6.5e-05;3.392;15301.2;4
0.064;6.5e-05;3.392;20718.6;4
0.073;6.5e-05;3.392;26955.5;4
0.082;6.5e-05;3.392;34011.7;4
0.091;6.5e-05;3.392;41887.4;4
0.1;6.5e-05;3.392;50582.6;4
0.01;7e-05;3.392;469.695;4
0.019;7e-05;3.392;1695.6;4
0.028;7e-05;3.392;3682.41;4
0.037;7e-05;3.392;6430.13;4
0.046;7e-05;3.392;9938.75;4
0.055;7e-05;3.392;14208.3;4
0.064;7e-05;3.392;19238.7;4
0.073;7e-05;3.392;25030.1;4
0.082;7e-05;3.392;31582.3;4
0.091;7e-05;3.392;38895.5;4
0.1;7e-05;3.392;46969.5;4
0.01;7.5e-05;3.392;438.382;4
0.019;7.5e-05;3.392;1582.56;4
0.028;7.5e-05;3.392;3436.92;4
0.037;7.5e-05;3.392;6001.45;4
0.046;7.5e-05;3.392;9276.17;4
0.055;7.5e-05;3.392;13261.1;4
0.064;7.5e-05;3.392;17956.1;4
0.073;7.5e-05;3.392;23361.4;4
0.082;7.5e-05;3.392;29476.8;4
0.091;7.5e-05;3.392;36302.4;4
0.1;7.5e-05;3.392;43838.2;4
0.01;8e-05;3.392;410.983;4
0.019;8e-05;3.392;1483.65;4
0.028;8e-05;3.392;3222.11;4
0.037;8e-05;3.392;5626.36;4
0.046;8e-05;3.392;8696.41;4
0.055;8e-05;3.392;12432.2;4
0.064;8e-05;3.392;16833.9;4
0.073;8e-05;3.392;21901.3;4
0.082;8e-05;3.392;27634.5;4
0.091;8e-05;3.392;34033.5;4
0.1;8e-05;3.392;41098.3;4
0.01;8.5e-05;3.392;386.808;4
0.019;8.5e-05;3.392;1396.38;4
0.028;8.5e-05;3.392;3032.57;4
0.037;8.5e-05;3.392;5295.4;4
0.046;8.5e-05;3.392;8184.86;4
0.055;8.5e-05;3.392;11700.9;4
0.064;8.5e-05;3.392;15843.7;4
0.073;8.5e-05;3.392;20613;4
0.082;8.5e-05;3.392;26009;4
0.091;8.5e-05;3.392;32031.6;4
0.1;8.5e-05;3.392;38680.8;4
0.01;9e-05;3.392;365.319;4
0.019;9e-05;3.392;1318.8;4
0.028;9e-05;3.392;2864.1;4
0.037;9e-05;3.392;5001.21;4
0.046;9e-05;3.392;7730.14;4
0.055;9e-05;3.392;11050.9;4
0.064;9e-05;3.392;14963.4;4
0.073;9e-05;3.392;19467.8;4
0.082;9e-05;3.392;24564;4
0.091;9e-05;3.392;30252;4
0.1;9e-05;3.392;36531.9;4
0.01;9.5e-05;3.392;346.091;4
0.019;9.5e-05;3.392;1249.39;4
0.028;9.5e-05;3.392;2713.36;4
0.037;9.5e-05;3.392;4737.99;4
0.046;9.5e-05;3.392;7323.29;4
0.055;9.5e-05;3.392;10469.3;4
0.064;9.5e-05;3.392;14175.9;4
0.073;9.5e-05;3.392;18443.2;4
0.082;9.5e-05;3.392;23271.2;4
0.091;9.5e-05;3.392;28659.8;4
0.1;9.5e-05;3.392;34609.1;4
0.01;0.0001;3.392;328.787;4
0.019;0.0001;3.392;1186.92;4
0.028;0.0001;3.392;2577.69;4
0.037;0.0001;3.392;4501.09;4
0.046;0.0001;3.392;6957.13;4
0.055;0.0001;3.392;9945.8;4
0.064;0.0001;3.392;13467.1;4
0.073;0.0001;3.392;17521;4
0.082;0.0001;3.392;22107.6;4
0.091;0.0001;3.392;27226.8;4
0.1;0.0001;3.392;32878.7;4
0.01;5e-05;3.456;620.914;4
0.019;5e-05;3.456;2241.5;4
0.028;5e-05;3.456;4867.97;4
0.037;5e-05;3.456;8500.31;4
0.046;5e-05;3.456;13138.5;4
0.055;5e-05;3.456;18782.7;4
0.064;5e-05;3.456;25432.6;4
0.073;5e-05;3.456;33088.5;4
0.082;5e-05;3.456;41750.3;4
0.091;5e-05;3.456;51417.9;4
0.1;5e-05;3.456;62091.4;4
0.01;5.5e-05;3.456;564.467;4
0.019;5.5e-05;3.456;2037.73;4
0.028;5.5e-05;3.456;4425.42;4
0.037;5.5e-05;3.456;7727.56;4
0.046;5.5e-05;3.456;11944.1;4
0.055;5.5e-05;3.456;17075.1;4
0.064;5.5e-05;3.456;23120.6;4
0.073;5.5e-05;3.456;30080.5;4
0.082;5.5e-05;3.456;37954.8;4
0.091;5.5e-05;3.456;46743.5;4
0.1;5.5e-05;3.456;56446.7;4
0.01;6e-05;3.456;517.428;4
0.019;6e-05;3.456;1867.92;4
0.028;6e-05;3.456;4056.64;4
0.037;6e-05;3.456;7083.6;4
0.046;6e-05;3.456;10948.8;4
0.055;6e-05;3.456;15652.2;4
0.064;6e-05;3.456;21193.9;4
0.073;6e-05;3.456;27573.8;4
0.082;6e-05;3.456;34791.9;4
0.091;6e-05;3.456;42848.2;4
0.1;6e-05;3.456;51742.8;4
0.01;6.5e-05;3.456;477.626;4
0.019;6.5e-05;3.456;1724.23;4
0.028;6.5e-05;3.456;3744.59;4
0.037;6.5e-05;3.456;6538.7;4
0.046;6.5e-05;3.456;10106.6;4
0.055;6.5e-05;3.456;14448.2;4
0.064;6.5e-05;3.456;19563.6;4
0.073;6.5e-05;3.456;25452.7;4
0.082;6.5e-05;3.456;32115.6;4
0.091;6.5e-05;3.456;39552.2;4
0.1;6.5e-05;3.456;47762.6;4
0.01;7e-05;3.456;443.51;4
0.019;7e-05;3.456;1601.07;4
0.028;7e-05;3.456;3477.12;4
0.037;7e-05;3.456;6071.65;4
0.046;7e-05;3.456;9384.67;4
0.055;7e-05;3.456;13416.2;4
0.064;7e-05;3.456;18166.2;4
0.073;7e-05;3.456;23634.7;4
0.082;7e-05;3.456;29821.6;4
0.091;7e-05;3.456;36727.1;4
0.1;7e-05;3.456;44351;4
0.01;7.5e-05;3.456;413.943;4
0.019;7.5e-05;3.456;1494.33;4
0.028;7.5e-05;3.456;3245.31;4
0.037;7.5e-05;3.456;5666.88;4
0.046;7.5e-05;3.456;8759.03;4
0.055;7.5e-05;3.456;12521.8;4
0.064;7.5e-05;3.456;16955.1;4
0.073;7.5e-05;3.456;22059;4
0.082;7.5e-05;3.456;27833.5;4
0.091;7.5e-05;3.456;34278.6;4
0.1;7.5e-05;3.456;41394.3;4
0.01;8e-05;3.456;388.071;4
0.019;8e-05;3.456;1400.94;4
0.028;8e-05;3.456;3042.48;4
0.037;8e-05;3.456;5312.7;4
0.046;8e-05;3.456;8211.59;4
0.055;8e-05;3.456;11739.2;4
0.064;8e-05;3.456;15895.4;4
0.073;8e-05;3.456;20680.3;4
0.082;8e-05;3.456;26093.9;4
0.091;8e-05;3.456;32136.2;4
0.1;8e-05;3.456;38807.1;4
0.01;8.5e-05;3.456;365.244;4
0.019;8.5e-05;3.456;1318.53;4
0.028;8.5e-05;3.456;2863.51;4
0.037;8.5e-05;3.456;5000.18;4
0.046;8.5e-05;3.456;7728.55;4
0.055;8.5e-05;3.456;11048.6;4
0.064;8.5e-05;3.456;14960.4;4
0.073;8.5e-05;3.456;19463.8;4
0.082;8.5e-05;3.456;24559;4
0.091;8.5e-05;3.456;30245.8;4
0.1;8.5e-05;3.456;36524.4;4
0.01;9e-05;3.456;344.952;4
0.019;9e-05;3.456;1245.28;4
0.028;9e-05;3.456;2704.43;4
0.037;9e-05;3.456;4722.4;4
0.046;9e-05;3.456;7299.19;4
0.055;9e-05;3.456;10434.8;4
0.064;9e-05;3.456;14129.2;4
0.073;9e-05;3.456;18382.5;4
0.082;9e-05;3.456;23194.6;4
0.091;9e-05;3.456;28565.5;4
0.1;9e-05;3.456;34495.2;4
0.01;9.5e-05;3.456;326.797;4
0.019;9.5e-05;3.456;1179.74;4
0.028;9.5e-05;3.456;2562.09;4
0.037;9.5e-05;3.456;4473.85;4
0.046;9.5e-05;3.456;6915.02;4
0.055;9.5e-05;3.456;9885.61;4
0.064;9.5e-05;3.456;13385.6;4
0.073;9.5e-05;3.456;17415;4
0.082;9.5e-05;3.456;21973.8;4
0.091;9.5e-05;3.456;27062.1;4
0.1;9.5e-05;3.456;32679.7;4
0.01;0.0001;3.456;310.457;4
0.019;0.0001;3.456;1120.75;4
0.028;0.0001;3.456;2433.98;4
0.037;0.0001;3.456;4250.16;4
0.046;0.0001;3.456;6569.27;4
0.055;0.0001;3.456;9391.33;4
0.064;0.0001;3.456;12716.3;4
0.073;0.0001;3.456;16544.3;4
0.082;0.0001;3.456;20875.1;4
0.091;0.0001;3.456;25708.9;4
0.1;0.0001;3.456;31045.7;4
0.01;5e-05;3.52;584.26;4
0.019;5e-05;3.52;2109.18;4
0.028;5e-05;3.52;4580.6;4
0.037;5e-05;3.52;7998.52;4
0.046;5e-05;3.52;12362.9;4
0.055;5e-05;3.52;17673.9;4
0.064;5e-05;3.52;23931.3;4
0.073;5e-05;3.52;31135.2;4
0.082;5e-05;3.52;39285.7;4
0.091;5e-05;3.52;48382.6;4
0.1;5e-05;3.52;58426;4
0.01;5.5e-05;3.52;531.146;4
0.019;5.5e-05;3.52;1917.44;4
0.028;5.5e-05;3.52;4164.18;4
0.037;5.5e-05;3.52;7271.39;4
0.046;5.5e-05;3.52;11239;4
0.055;5.5e-05;3.52;16067.2;4
0.064;5.5e-05;3.52;21755.7;4
0.073;5.5e-05;3.52;28304.8;4
0.082;5.5e-05;3.52;35714.2;4
0.091;5.5e-05;3.52;43984.2;4
0.1;5.5e-05;3.52;53114.6;4
0.01;6e-05;3.52;486.884;4
0.019;6e-05;3.52;1757.65;4
0.028;6e-05;3.52;3817.17;4
0.037;6e-05;3.52;6665.44;4
0.046;6e-05;3.52;10302.5;4
0.055;6e-05;3.52;14728.2;4
0.064;6e-05;3.52;19942.8;4
0.073;6e-05;3.52;25946;4
0.082;6e-05;3.52;32738.1;4
0.091;6e-05;3.52;40318.8;4
0.1;6e-05;3.52;48688.4;4
0.01;6.5e-05;3.52;449.431;4
0.019;6.5e-05;3.52;1622.45;4
0.028;6.5e-05;3.52;3523.54;4
0.037;6.5e-05;3.52;6152.71;4
0.046;6.5e-05;3.52;9509.96;4
0.055;6.5e-05;3.52;13595.3;4
0.064;6.5e-05;3.52;18408.7;4
0.073;6.5e-05;3.52;23950.2;4
0.082;6.5e-05;3.52;30219.7;4
0.091;6.5e-05;3.52;37217.4;4
0.1;6.5e-05;3.52;44943.1;4
0.01;7e-05;3.52;417.329;4
0.019;7e-05;3.52;1506.56;4
0.028;7e-05;3.52;3271.86;4
0.037;7e-05;3.52;5713.23;4
0.046;7e-05;3.52;8830.68;4
0.055;7e-05;3.52;12624.2;4
0.064;7e-05;3.52;17093.8;4
0.073;7e-05;3.52;22239.5;4
0.082;7e-05;3.52;28061.2;4
0.091;7e-05;3.52;34559;4
0.1;7e-05;3.52;41732.9;4
0.01;7.5e-05;3.52;389.507;4
0.019;7.5e-05;3.52;1406.12;4
0.028;7.5e-05;3.52;3053.73;4
0.037;7.5e-05;3.52;5332.35;4
0.046;7.5e-05;3.52;8241.97;4
0.055;7.5e-05;3.52;11782.6;4
0.064;7.5e-05;3.52;15954.2;4
0.073;7.5e-05;3.52;20756.8;4
0.082;7.5e-05;3.52;26190.4;4
0.091;7.5e-05;3.52;32255.1;4
0.1;7.5e-05;3.52;38950.7;4
0.01;8e-05;3.52;365.163;4
0.019;8e-05;3.52;1318.24;4
0.028;8e-05;3.52;2862.88;4
0.037;8e-05;3.52;4999.08;4
0.046;8e-05;3.52;7726.84;4
0.055;8e-05;3.52;11046.2;4
0.064;8e-05;3.52;14957.1;4
0.073;8e-05;3.52;19459.5;4
0.082;8e-05;3.52;24553.5;4
0.091;8e-05;3.52;30239.1;4
0.1;8e-05;3.52;36516.3;4
0.01;8.5e-05;3.52;343.683;4
0.019;8.5e-05;3.52;1240.69;4
0.028;8.5e-05;3.52;2694.47;4
0.037;8.5e-05;3.52;4705.01;4
0.046;8.5e-05;3.52;7272.32;4
0.055;8.5e-05;3.52;10396.4;4
0.064;8.5e-05;3.52;14077.2;4
0.073;8.5e-05;3.52;18314.8;4
0.082;8.5e-05;3.52;23109.2;4
0.091;8.5e-05;3.52;28460.4;4
0.1;8.5e-05;3.52;34368.3;4
0.01;9e-05;3.52;324.589;4
0.019;9e-05;3.52;1171.77;4
0.028;9e-05;3.52;2544.78;4
0.037;9e-05;3.52;4443.62;4
0.046;9e-05;3.52;6868.31;4
0.055;9e-05;3.52;9818.82;4
0.064;9e-05;3.52;13295.2;4
0.073;9e-05;3.52;17297.4;4
0.082;9e-05;3.52;21825.4;4
0.091;9e-05;3.52;26879.2;4
0.1;9e-05;3.52;32458.9;4
0.01;9.5e-05;3.52;307.505;4
0.019;9.5e-05;3.52;1110.09;4
0.028;9.5e-05;3.52;2410.84;4
0.037;9.5e-05;3.52;4209.75;4
0.046;9.5e-05;3.52;6506.82;4
0.055;9.5e-05;3.52;9302.04;4
0.064;9.5e-05;3.52;12595.4;4
0.073;9.5e-05;3.52;16387;4
0.082;9.5e-05;3.52;20676.7;4
0.091;9.5e-05;3.52;25464.5;4
0.1;9.5e-05;3.52;30750.5;4
0.01;0.0001;3.52;292.13;4
0.019;0.0001;3.52;1054.59;4
0.028;0.0001;3.52;2290.3;4
0.037;0.0001;3.52;3999.26;4
0.046;0.0001;3.52;6181.47;4
0.055;0.0001;3.52;8836.94;4
0.064;0.0001;3.52;11965.7;4
0.073;0.0001;3.52;15567.6;4
0.082;0.0001;3.52;19642.8;4
0.091;0.0001;3.52;24191.3;4
0.1;0.0001;3.52;29213;4
0.01;5e-05;2.88;1536.78;14
0.019;5e-05;2.88;5547.77;14
0.028;5e-05;2.88;12048.4;14
0.037;5e-05;2.88;21038.5;14
0.046;5e-05;2.88;32518.3;14
0.055;5e-05;2.88;46487.6;14
0.064;5e-05;2.88;62946.5;14
0.073;5e-05;2.88;81895;14
0.082;5e-05;2.88;103333;14
0.091;5e-05;2.88;127261;14
0.1;5e-05;2.88;153678;14
0.01;5.5e-05;2.88;1397.07;14
0.019;5.5e-05;2.88;5043.43;14
0.028;5.5e-05;2.88;10953;14
0.037;5.5e-05;2.88;19125.9;14
0.046;5.5e-05;2.88;29562.1;14
0.055;5.5e-05;2.88;42261.4;14
0.064;5.5e-05;2.88;57224.1;14
0.073;5.5e-05;2.88;74450;14
0.082;5.5e-05;2.88;93939.1;14
0.091;5.5e-05;2.88;115692;14
0.1;5.5e-05;2.88;139707;14
0.01;6e-05;2.88;1280.65;14
0.019;6e-05;2.88;4623.15;14
0.028;6e-05;2.88;10040.3;14
0.037;6e-05;2.88;17532.1;14
0.046;6e-05;2.88;27098.5;14
0.055;6e-05;2.88;38739.7;14
0.064;6e-05;2.88;52455.4;14
0.073;6e-05;2.88;68245.8;14
0.082;6e-05;2.88;86110.9;14
0.091;6e-05;2.88;106051;14
0.1;6e-05;2.88;128065;14
0.01;6.5e-05;2.88;1182.14;14
0.019;6.5e-05;2.88;4267.52;14
0.028;6.5e-05;2.88;9267.96;14
0.037;6.5e-05;2.88;16183.5;14
0.046;6.5e-05;2.88;25014;14
0.055;6.5e-05;2.88;35759.7;14
0.064;6.5e-05;2.88;48420.4;14
0.073;6.5e-05;2.88;62996.1;14
0.082;6.5e-05;2.88;79487;14
0.091;6.5e-05;2.88;97892.9;14
0.1;6.5e-05;2.88;118214;14
0.01;7e-05;2.88;1097.7;14
0.019;7e-05;2.88;3962.7;14
0.028;7e-05;2.88;8605.97;14
0.037;7e-05;2.88;15027.5;14
0.046;7e-05;2.88;23227.3;14
0.055;7e-05;2.88;33205.4;14
0.064;7e-05;2.88;44961.8;14
0.073;7e-05;2.88;58496.4;14
0.082;7e-05;2.88;73809.3;14
0.091;7e-05;2.88;90900.5;14
0.1;7e-05;2.88;109770;14
0.01;7.5e-05;2.88;1024.52;14
0.019;7.5e-05;2.88;3698.52;14
0.028;7.5e-05;2.88;8032.23;14
0.037;7.5e-05;2.88;14025.7;14
0.046;7.5e-05;2.88;21678.8;14
0.055;7.5e-05;2.88;30991.7;14
0.064;7.5e-05;2.88;41964.3;14
0.073;7.5e-05;2.88;54596.7;14
0.082;7.5e-05;2.88;68888.7;14
0.091;7.5e-05;2.88;84840.5;14
0.1;7.5e-05;2.88;102452;14
0.01;8e-05;2.88;960.487;14
0.019;8e-05;2.88;3467.36;14
0.028;8e-05;2.88;7530.22;14
0.037;8e-05;2.88;13149.1;14
0.046;8e-05;2.88;20323.9;14
0.055;8e-05;2.88;29054.7;14
0.064;8e-05;2.88;39341.6;14
0.073;8e-05;2.88;51184.4;14
0.082;8e-05;2.88;64583.2;14
0.091;8e-05;2.88;79538;14
0.1;8e-05;2.88;96048.7;14
0.01;8.5e-05;2.88;903.988;14
0.019;8.5e-05;2.88;3263.4;14
0.028;8.5e-05;2.88;7087.27;14
0.037;8.5e-05;2.88;12375.6;14
0.046;8.5e-05;2.88;19128.4;14
0.055;8.5e-05;2.88;27345.6;14
0.064;8.5e-05;2.88;37027.3;14
0.073;8.5e-05;2.88;48173.5;14
0.082;8.5e-05;2.88;60784.2;14
0.091;8.5e-05;2.88;74859.2;14
0.1;8.5e-05;2.88;90398.8;14
0.01;9e-05;2.88;853.766;14
0.019;9e-05;2.88;3082.1;14
0.028;9e-05;2.88;6693.53;14
0.037;9e-05;2.88;11688.1;14
0.046;9e-05;2.88;18065.7;14
0.055;9e-05;2.88;25826.4;14
0.064;9e-05;2.88;34970.3;14
0.073;9e-05;2.88;45497.2;14
0.082;9e-05;2.88;57407.3;14
0.091;9e-05;2.88;70700.4;14
0.1;9e-05;2.88;85376.6;14
0.01;9.5e-05;2.88;808.831;14
0.019;9.5e-05;2.88;2919.88;14
0.028;9.5e-05;2.88;6341.24;14
0.037;9.5e-05;2.88;11072.9;14
0.046;9.5e-05;2.88;17114.9;14
0.055;9.5e-05;2.88;24467.1;14
0.064;9.5e-05;2.88;33129.7;14
0.073;9.5e-05;2.88;43102.6;14
0.082;9.5e-05;2.88;54385.8;14
0.091;9.5e-05;2.88;66979.3;14
0.1;9.5e-05;2.88;80883.1;14
0.01;0.0001;2.88;768.39;14
0.019;0.0001;2.88;2773.89;14
0.028;0.0001;2.88;6024.18;14
0.037;0.0001;2.88;10519.3;14
0.046;0.0001;2.88;16259.1;14
0.055;0.0001;2.88;23243.8;14
0.064;0.0001;2.88;31473.2;14
0.073;0.0001;2.88;40947.5;14
0.082;0.0001;2.88;51666.5;14
0.091;0.0001;2.88;63630.4;14
0.1;0.0001;2.88;76839;14
0.01;5e-05;2.944;1499.21;14
0.019;5e-05;2.944;5412.14;14
0.028;5e-05;2.944;11753.8;14
0.037;5e-05;2.944;20524.1;14
0.046;5e-05;2.944;31723.2;14
0.055;5e-05;2.944;45351;14
0.064;5e-05;2.944;61407.5;14
0.073;5e-05;2.944;79892.7;14
0.082;5e-05;2.944;100807;14
0.091;5e-05;2.944;124149;14
0.1;5e-05;2.944;149921;14
0.01;5.5e-05;2.944;1362.92;14
0.019;5.5e-05;2.944;4920.12;14
0.028;5.5e-05;2.944;10685.3;14
0.037;5.5e-05;2.944;18658.3;14
0.046;5.5e-05;2.944;28839.3;14
0.055;5.5e-05;2.944;41228.2;14
0.064;5.5e-05;2.944;55825;14
0.073;5.5e-05;2.944;72629.8;14
0.082;5.5e-05;2.944;91642.4;14
0.091;5.5e-05;2.944;112863;14
0.1;5.5e-05;2.944;136292;14
0.01;6e-05;2.944;1249.34;14
0.019;6e-05;2.944;4510.11;14
0.028;6e-05;2.944;9794.82;14
0.037;6e-05;2.944;17103.5;14
0.046;6e-05;2.944;26436;14
0.055;6e-05;2.944;37792.5;14
0.064;6e-05;2.944;51172.9;14
0.073;6e-05;2.944;66577.3;14
0.082;6e-05;2.944;84005.6;14
0.091;6e-05;2.944;103458;14
0.1;6e-05;2.944;124934;14
0.01;6.5e-05;2.944;1153.24;14
0.019;6.5e-05;2.944;4163.18;14
0.028;6.5e-05;2.944;9041.37;14
0.037;6.5e-05;2.944;15787.8;14
0.046;6.5e-05;2.944;24402.5;14
0.055;6.5e-05;2.944;34885.4;14
0.064;6.5e-05;2.944;47236.5;14
0.073;6.5e-05;2.944;61456;14
0.082;6.5e-05;2.944;77543.6;14
0.091;6.5e-05;2.944;95499.5;14
0.1;6.5e-05;2.944;115324;14
0.01;7e-05;2.944;1070.86;14
0.019;7e-05;2.944;3865.81;14
0.028;7e-05;2.944;8395.56;14
0.037;7e-05;2.944;14660.1;14
0.046;7e-05;2.944;22659.4;14
0.055;7e-05;2.944;32393.6;14
0.064;7e-05;2.944;43862.5;14
0.073;7e-05;2.944;57066.2;14
0.082;7e-05;2.944;72004.8;14
0.091;7e-05;2.944;88678.1;14
0.1;7e-05;2.944;107086;14
0.01;7.5e-05;2.944;999.471;14
0.019;7.5e-05;2.944;3608.09;14
0.028;7.5e-05;2.944;7835.85;14
0.037;7.5e-05;2.944;13682.8;14
0.046;7.5e-05;2.944;21148.8;14
0.055;7.5e-05;2.944;30234;14
0.064;7.5e-05;2.944;40938.3;14
0.073;7.5e-05;2.944;53261.8;14
0.082;7.5e-05;2.944;67204.4;14
0.091;7.5e-05;2.944;82766.2;14
0.1;7.5e-05;2.944;99947.1;14
0.01;8e-05;2.944;937.004;14
0.019;8e-05;2.944;3382.59;14
0.028;8e-05;2.944;7346.11;14
0.037;8e-05;2.944;12827.6;14
0.046;8e-05;2.944;19827;14
0.055;8e-05;2.944;28344.4;14
0.064;8e-05;2.944;38379.7;14
0.073;8e-05;2.944;49933;14
0.082;8e-05;2.944;63004.2;14
0.091;8e-05;2.944;77593.3;14
0.1;8e-05;2.944;93700.4;14
0.01;8.5e-05;2.944;881.886;14
0.019;8.5e-05;2.944;3183.61;14
0.028;8.5e-05;2.944;6913.99;14
0.037;8.5e-05;2.944;12073;14
0.046;8.5e-05;2.944;18660.7;14
0.055;8.5e-05;2.944;26677.1;14
0.064;8.5e-05;2.944;36122.1;14
0.073;8.5e-05;2.944;46995.7;14
0.082;8.5e-05;2.944;59298;14
0.091;8.5e-05;2.944;73029;14
0.1;8.5e-05;2.944;88188.6;14
0.01;9e-05;2.944;832.893;14
0.019;9e-05;2.944;3006.74;14
0.028;9e-05;2.944;6529.88;14
0.037;9e-05;2.944;11402.3;14
0.046;9e-05;2.944;17624;14
0.055;9e-05;2.944;25195;14
0.064;9e-05;2.944;34115.3;14
0.073;9e-05;2.944;44384.9;14
0.082;9e-05;2.944;56003.7;14
0.091;9e-05;2.944;68971.8;14
0.1;9e-05;2.944;83289.3;14
0.01;9.5e-05;2.944;789.056;14
0.019;9.5e-05;2.944;2848.49;14
0.028;9.5e-05;2.944;6186.2;14
0.037;9.5e-05;2.944;10802.2;14
0.046;9.5e-05;2.944;16696.4;14
0.055;9.5e-05;2.944;23869;14
0.064;9.5e-05;2.944;32319.7;14
0.073;9.5e-05;2.944;42048.8;14
0.082;9.5e-05;2.944;53056.1;14
0.091;9.5e-05;2.944;65341.7;14
0.1;9.5e-05;2.944;78905.6;14
0.01;0.0001;2.944;749.603;14
0.019;0.0001;2.944;2706.07;14
0.028;0.0001;2.944;5876.89;14
0.037;0.0001;2.944;10262.1;14
0.046;0.0001;2.944;15861.6;14
0.055;0.0001;2.944;22675.5;14
0.064;0.0001;2.944;30703.8;14
0.073;0.0001;2.944;39946.4;14
0.082;0.0001;2.944;50403.3;14
0.091;0.0001;2.944;62074.7;14
0.1;0.0001;2.944;74960.3;14
0.01;5e-05;3.008;1463.22;14
0.019;5e-05;3.008;5282.24;14
0.028;5e-05;3.008;11471.7;14
0.037;5e-05;3.008;20031.5;14
0.046;5e-05;3.008;30961.8;14
0.055;5e-05;3.008;44262.6;14
0.064;5e-05;3.008;59933.7;14
0.073;5e-05;3.008;77975.3;14
0.082;5e-05;3.008;98387.2;14
0.091;5e-05;3.008;121170;14
0.1;5e-05;3.008;146322;14
0.01;5.5e-05;3.008;1330.2;14
0.019;5.5e-05;3.008;4802.04;14
0.028;5.5e-05;3.008;10428.8;14
0.037;5.5e-05;3.008;18210.5;14
0.046;5.5e-05;3.008;28147.1;14
0.055;5.5e-05;3.008;40238.7;14
0.064;5.5e-05;3.008;54485.2;14
0.073;5.5e-05;3.008;70886.6;14
0.082;5.5e-05;3.008;89442.9;14
0.091;5.5e-05;3.008;110154;14
0.1;5.5e-05;3.008;133020;14
0.01;6e-05;3.008;1219.35;14
0.019;6e-05;3.008;4401.87;14
0.028;6e-05;3.008;9559.74;14
0.037;6e-05;3.008;16693;14
0.046;6e-05;3.008;25801.5;14
0.055;6e-05;3.008;36885.5;14
0.064;6e-05;3.008;49944.7;14
0.073;6e-05;3.008;64979.4;14
0.082;6e-05;3.008;81989.4;14
0.091;6e-05;3.008;100975;14
0.1;6e-05;3.008;121935;14
0.01;6.5e-05;3.008;1125.56;14
0.019;6.5e-05;3.008;4063.26;14
0.028;6.5e-05;3.008;8824.37;14
0.037;6.5e-05;3.008;15408.9;14
0.046;6.5e-05;3.008;23816.8;14
0.055;6.5e-05;3.008;34048.1;14
0.064;6.5e-05;3.008;46102.8;14
0.073;6.5e-05;3.008;59981;14
0.082;6.5e-05;3.008;75682.5;14
0.091;6.5e-05;3.008;93207.4;14
0.1;6.5e-05;3.008;112556;14
0.01;7e-05;3.008;1045.16;14
0.019;7e-05;3.008;3773.03;14
0.028;7e-05;3.008;8194.06;14
0.037;7e-05;3.008;14308.2;14
0.046;7e-05;3.008;22115.6;14
0.055;7e-05;3.008;31616.1;14
0.064;7e-05;3.008;42809.8;14
0.073;7e-05;3.008;55696.6;14
0.082;7e-05;3.008;70276.6;14
0.091;7e-05;3.008;86549.7;14
0.1;7e-05;3.008;104516;14
0.01;7.5e-05;3.008;975.483;14
0.019;7.5e-05;3.008;3521.49;14
0.028;7.5e-05;3.008;7647.79;14
0.037;7.5e-05;3.008;13354.4;14
0.046;7.5e-05;3.008;20641.2;14
0.055;7.5e-05;3.008;29508.4;14
0.064;7.5e-05;3.008;39955.8;14
0.073;7.5e-05;3.008;51983.5;14
0.082;7.5e-05;3.008;65591.5;14
0.091;7.5e-05;3.008;80779.8;14
0.1;7.5e-05;3.008;97548.3;14
0.01;8e-05;3.008;914.516;14
0.019;8e-05;3.008;3301.4;14
0.028;8e-05;3.008;7169.8;14
0.037;8e-05;3.008;12519.7;14
0.046;8e-05;3.008;19351.1;14
0.055;8e-05;3.008;27664.1;14
0.064;8e-05;3.008;37458.6;14
0.073;8e-05;3.008;48734.5;14
0.082;8e-05;3.008;61492;14
0.091;8e-05;3.008;75731;14
0.1;8e-05;3.008;91451.6;14
0.01;8.5e-05;3.008;860.72;14
0.019;8.5e-05;3.008;3107.2;14
0.028;8.5e-05;3.008;6748.05;14
0.037;8.5e-05;3.008;11783.3;14
0.046;8.5e-05;3.008;18212.8;14
0.055;8.5e-05;3.008;26036.8;14
0.064;8.5e-05;3.008;35255.1;14
0.073;8.5e-05;3.008;45867.8;14
0.082;8.5e-05;3.008;57874.8;14
0.091;8.5e-05;3.008;71276.3;14
0.1;8.5e-05;3.008;86072;14
0.01;9e-05;3.008;812.903;14
0.019;9e-05;3.008;2934.58;14
0.028;9e-05;3.008;6373.16;14
0.037;9e-05;3.008;11128.6;14
0.046;9e-05;3.008;17201;14
0.055;9e-05;3.008;24590.3;14
0.064;9e-05;3.008;33296.5;14
0.073;9e-05;3.008;43319.6;14
0.082;9e-05;3.008;54659.6;14
0.091;9e-05;3.008;67316.5;14
0.1;9e-05;3.008;81290.3;14
0.01;9.5e-05;3.008;770.118;14
0.019;9.5e-05;3.008;2780.13;14
0.028;9.5e-05;3.008;6037.73;14
0.037;9.5e-05;3.008;10542.9;14
0.046;9.5e-05;3.008;16295.7;14
0.055;9.5e-05;3.008;23296.1;14
0.064;9.5e-05;3.008;31544;14
0.073;9.5e-05;3.008;41039.6;14
0.082;9.5e-05;3.008;51782.8;14
0.091;9.5e-05;3.008;63773.5;14
0.1;9.5e-05;3.008;77011.8;14
0.01;0.0001;3.008;731.612;14
0.019;0.0001;3.008;2641.12;14
0.028;0.0001;3.008;5735.84;14
0.037;0.0001;3.008;10015.8;14
0.046;0.0001;3.008;15480.9;14
0.055;0.0001;3.008;22131.3;14
0.064;0.0001;3.008;29966.8;14
0.073;0.0001;3.008;38987.6;14
0.082;0.0001;3.008;49193.6;14
0.091;0.0001;3.008;60584.8;14
0.1;0.0001;3.008;73161.2;14
0.01;5e-05;3.072;1428.73;14
0.019;5e-05;3.072;5157.73;14
0.028;5e-05;3.072;11201.3;14
0.037;5e-05;3.072;19559.4;14
0.046;5e-05;3.072;30232;14
0.055;5e-05;3.072;43219.2;14
0.064;5e-05;3.072;58520.9;14
0.073;5e-05;3.072;76137.2;14
0.082;5e-05;3.072;96068.1;14
0.091;5e-05;3.072;118313;14
0.1;5e-05;3.072;142873;14
0.01;5.5e-05;3.072;1298.85;14
0.019;5.5e-05;3.072;4688.84;14
0.028;5.5e-05;3.072;10183;14
0.037;5.5e-05;3.072;17781.2;14
0.046;5.5e-05;3.072;27483.6;14
0.055;5.5e-05;3.072;39290.2;14
0.064;5.5e-05;3.072;53200.9;14
0.073;5.5e-05;3.072;69215.7;14
0.082;5.5e-05;3.072;87334.6;14
0.091;5.5e-05;3.072;107558;14
0.1;5.5e-05;3.072;129885;14
0.01;6e-05;3.072;1190.61;14
0.019;6e-05;3.072;4298.11;14
0.028;6e-05;3.072;9334.39;14
0.037;6e-05;3.072;16299.5;14
0.046;6e-05;3.072;25193.3;14
0.055;6e-05;3.072;36016;14
0.064;6e-05;3.072;48767.5;14
0.073;6e-05;3.072;63447.7;14
0.082;6e-05;3.072;80056.7;14
0.091;6e-05;3.072;98594.5;14
0.1;6e-05;3.072;119061;14
0.01;6.5e-05;3.072;1099.03;14
0.019;6.5e-05;3.072;3967.48;14
0.028;6.5e-05;3.072;8616.36;14
0.037;6.5e-05;3.072;15045.7;14
0.046;6.5e-05;3.072;23255.4;14
0.055;6.5e-05;3.072;33245.5;14
0.064;6.5e-05;3.072;45016.1;14
0.073;6.5e-05;3.072;58567.1;14
0.082;6.5e-05;3.072;73898.5;14
0.091;6.5e-05;3.072;91010.3;14
0.1;6.5e-05;3.072;109903;14
0.01;7e-05;3.072;1020.52;14
0.019;7e-05;3.072;3684.09;14
0.028;7e-05;3.072;8000.91;14
0.037;7e-05;3.072;13971;14
0.046;7e-05;3.072;21594.3;14
0.055;7e-05;3.072;30870.9;14
0.064;7e-05;3.072;41800.7;14
0.073;7e-05;3.072;54383.7;14
0.082;7e-05;3.072;68620;14
0.091;7e-05;3.072;84509.6;14
0.1;7e-05;3.072;102052;14
0.01;7.5e-05;3.072;952.489;14
0.019;7.5e-05;3.072;3438.49;14
0.028;7.5e-05;3.072;7467.52;14
0.037;7.5e-05;3.072;13039.6;14
0.046;7.5e-05;3.072;20154.7;14
0.055;7.5e-05;3.072;28812.8;14
0.064;7.5e-05;3.072;39014;14
0.073;7.5e-05;3.072;50758.2;14
0.082;7.5e-05;3.072;64045.4;14
0.091;7.5e-05;3.072;78875.6;14
0.1;7.5e-05;3.072;95248.9;14
0.01;8e-05;3.072;892.959;14
0.019;8e-05;3.072;3223.58;14
0.028;8e-05;3.072;7000.8;14
0.037;8e-05;3.072;12224.6;14
0.046;8e-05;3.072;18895;14
0.055;8e-05;3.072;27012;14
0.064;8e-05;3.072;36575.6;14
0.073;8e-05;3.072;47585.8;14
0.082;8e-05;3.072;60042.5;14
0.091;8e-05;3.072;73945.9;14
0.1;8e-05;3.072;89295.9;14
0.01;8.5e-05;3.072;840.432;14
0.019;8.5e-05;3.072;3033.96;14
0.028;8.5e-05;3.072;6588.98;14
0.037;8.5e-05;3.072;11505.5;14
0.046;8.5e-05;3.072;17783.5;14
0.055;8.5e-05;3.072;25423.1;14
0.064;8.5e-05;3.072;34424.1;14
0.073;8.5e-05;3.072;44786.6;14
0.082;8.5e-05;3.072;56510.6;14
0.091;8.5e-05;3.072;69596.1;14
0.1;8.5e-05;3.072;84043.2;14
0.01;9e-05;3.072;793.741;14
0.019;9e-05;3.072;2865.41;14
0.028;9e-05;3.072;6222.93;14
0.037;9e-05;3.072;10866.3;14
0.046;9e-05;3.072;16795.6;14
0.055;9e-05;3.072;24010.7;14
0.064;9e-05;3.072;32511.6;14
0.073;9e-05;3.072;42298.5;14
0.082;9e-05;3.072;53371.1;14
0.091;9e-05;3.072;65729.7;14
0.1;9e-05;3.072;79374.1;14
0.01;9.5e-05;3.072;751.965;14
0.019;9.5e-05;3.072;2714.59;14
0.028;9.5e-05;3.072;5895.41;14
0.037;9.5e-05;3.072;10294.4;14
0.046;9.5e-05;3.072;15911.6;14
0.055;9.5e-05;3.072;22746.9;14
0.064;9.5e-05;3.072;30800.5;14
0.073;9.5e-05;3.072;40072.2;14
0.082;9.5e-05;3.072;50562.1;14
0.091;9.5e-05;3.072;62270.2;14
0.1;9.5e-05;3.072;75196.5;14
0.01;0.0001;3.072;714.367;14
0.019;0.0001;3.072;2578.86;14
0.028;0.0001;3.072;5600.64;14
0.037;0.0001;3.072;9779.68;14
0.046;0.0001;3.072;15116;14
0.055;0.0001;3.072;21609.6;14
0.064;0.0001;3.072;29260.5;14
0.073;0.0001;3.072;38068.6;14
0.082;0.0001;3.072;48034;14
0.091;0.0001;3.072;59156.7;14
0.1;0.0001;3.072;71436.7;14
0.01;5e-05;3.136;1395.64;14
0.019;5e-05;3.136;5038.27;14
0.028;5e-05;3.136;10941.8;14
0.037;5e-05;3.136;19106.3;14
0.046;5e-05;3.136;29531.8;14
0.055;5e-05;3.136;42218.2;14
0.064;5e-05;3.136;57165.5;14
0.073;5e-05;3.136;74373.8;14
0.082;5e-05;3.136;93843;14
0.091;5e-05;3.136;115573;14
0.1;5e-05;3.136;139564;14
0.01;5.5e-05;3.136;1268.77;14
0.019;5.5e-05;3.136;4580.25;14
0.028;5.5e-05;3.136;9947.13;14
0.037;5.5e-05;3.136;17369.4;14
0.046;5.5e-05;3.136;26847.1;14
0.055;5.5e-05;3.136;38380.2;14
0.064;5.5e-05;3.136;51968.7;14
0.073;5.5e-05;3.136;67612.5;14
0.082;5.5e-05;3.136;85311.8;14
0.091;5.5e-05;3.136;105067;14
0.1;5.5e-05;3.136;126877;14
0.01;6e-05;3.136;1163.04;14
0.019;6e-05;3.136;4198.56;14
0.028;6e-05;3.136;9118.2;14
0.037;6e-05;3.136;15922;14
0.046;6e-05;3.136;24609.8;14
0.055;6e-05;3.136;35181.8;14
0.064;6e-05;3.136;47637.9;14
0.073;6e-05;3.136;61978.2;14
0.082;6e-05;3.136;78202.5;14
0.091;6e-05;3.136;96311;14
0.1;6e-05;3.136;116304;14
0.01;6.5e-05;3.136;1073.57;14
0.019;6.5e-05;3.136;3875.59;14
0.028;6.5e-05;3.136;8416.8;14
0.037;6.5e-05;3.136;14697.2;14
0.046;6.5e-05;3.136;22716.8;14
0.055;6.5e-05;3.136;32475.5;14
0.064;6.5e-05;3.136;43973.5;14
0.073;6.5e-05;3.136;57210.6;14
0.082;6.5e-05;3.136;72186.9;14
0.091;6.5e-05;3.136;88902.4;14
0.1;6.5e-05;3.136;107357;14
0.01;7e-05;3.136;996.888;14
0.019;7e-05;3.136;3598.76;14
0.028;7e-05;3.136;7815.6;14
0.037;7e-05;3.136;13647.4;14
0.046;7e-05;3.136;21094.1;14
0.055;7e-05;3.136;30155.9;14
0.064;7e-05;3.136;40832.5;14
0.073;7e-05;3.136;53124.1;14
0.082;7e-05;3.136;67030.7;14
0.091;7e-05;3.136;82552.3;14
0.1;7e-05;3.136;99688.8;14
0.01;7.5e-05;3.136;930.429;14
0.019;7.5e-05;3.136;3358.85;14
0.028;7.5e-05;3.136;7294.56;14
0.037;7.5e-05;3.136;12737.6;14
0.046;7.5e-05;3.136;19687.9;14
0.055;7.5e-05;3.136;28145.5;14
0.064;7.5e-05;3.136;38110.4;14
0.073;7.5e-05;3.136;49582.5;14
0.082;7.5e-05;3.136;62562;14
0.091;7.5e-05;3.136;77048.8;14
0.1;7.5e-05;3.136;93042.9;14
0.01;8e-05;3.136;872.277;14
0.019;8e-05;3.136;3148.92;14
0.028;8e-05;3.136;6838.65;14
0.037;8e-05;3.136;11941.5;14
0.046;8e-05;3.136;18457.4;14
0.055;8e-05;3.136;26386.4;14
0.064;8e-05;3.136;35728.5;14
0.073;8e-05;3.136;46483.6;14
0.082;8e-05;3.136;58651.9;14
0.091;8e-05;3.136;72233.2;14
0.1;8e-05;3.136;87227.7;14
0.01;8.5e-05;3.136;820.966;14
0.019;8.5e-05;3.136;2963.69;14
0.028;8.5e-05;3.136;6436.38;14
0.037;8.5e-05;3.136;11239;14
0.046;8.5e-05;3.136;17371.6;14
0.055;8.5e-05;3.136;24834.2;14
0.064;8.5e-05;3.136;33626.8;14
0.073;8.5e-05;3.136;43749.3;14
0.082;8.5e-05;3.136;55201.8;14
0.091;8.5e-05;3.136;67984.2;14
0.1;8.5e-05;3.136;82096.6;14
0.01;9e-05;3.136;775.357;14
0.019;9e-05;3.136;2799.04;14
0.028;9e-05;3.136;6078.8;14
0.037;9e-05;3.136;10614.6;14
0.046;9e-05;3.136;16406.6;14
0.055;9e-05;3.136;23454.6;14
0.064;9e-05;3.136;31758.6;14
0.073;9e-05;3.136;41318.8;14
0.082;9e-05;3.136;52135;14
0.091;9e-05;3.136;64207.3;14
0.1;9e-05;3.136;77535.7;14
0.01;9.5e-05;3.136;734.549;14
0.019;9.5e-05;3.136;2651.72;14
0.028;9.5e-05;3.136;5758.86;14
0.037;9.5e-05;3.136;10056;14
0.046;9.5e-05;3.136;15543.1;14
0.055;9.5e-05;3.136;22220.1;14
0.064;9.5e-05;3.136;30087.1;14
0.073;9.5e-05;3.136;39144.1;14
0.082;9.5e-05;3.136;49391.1;14
0.091;9.5e-05;3.136;60828;14
0.1;9.5e-05;3.136;73454.9;14
0.01;0.0001;3.136;697.821;14
0.019;0.0001;3.136;2519.14;14
0.028;0.0001;3.136;5470.92;14
0.037;0.0001;3.136;9553.17;14
0.046;0.0001;3.136;14765.9;14
0.055;0.0001;3.136;21109.1;14
0.064;0.0001;3.136;28582.8;14
0.073;0.0001;3.136;37186.9;14
0.082;0.0001;3.136;46921.5;14
0.091;0.0001;3.136;57786.6;14
0.1;0.0001;3.136;69782.1;14
0.01;5e-05;3.2;1363.87;14
0.019;5e-05;3.2;4923.56;14
0.028;5e-05;3.2;10692.7;14
0.037;5e-05;3.2;18671.3;14
0.046;5e-05;3.2;28859.4;14
0.055;5e-05;3.2;41257;14
0.064;5e-05;3.2;55864;14
0.073;5e-05;3.2;72680.5;14
0.082;5e-05;3.2;91706.4;14
0.091;5e-05;3.2;112942;14
0.1;5e-05;3.2;136387;14
0.01;5.5e-05;3.2;1239.88;14
0.019;5.5e-05;3.2;4475.96;14
0.028;5.5e-05;3.2;9720.65;14
0.037;5.5e-05;3.2;16973.9;14
0.046;5.5e-05;3.2;26235.8;14
0.055;5.5e-05;3.2;37506.4;14
0.064;5.5e-05;3.2;50785.5;14
0.073;5.5e-05;3.2;66073.2;14
0.082;5.5e-05;3.2;83369.5;14
0.091;5.5e-05;3.2;102674;14
0.1;5.5e-05;3.2;123988;14
0.01;6e-05;3.2;1136.56;14
0.019;6e-05;3.2;4102.97;14
0.028;6e-05;3.2;8910.6;14
0.037;6e-05;3.2;15559.5;14
0.046;6e-05;3.2;24049.5;14
0.055;6e-05;3.2;34380.8;14
0.064;6e-05;3.2;46553.3;14
0.073;6e-05;3.2;60567.1;14
0.082;6e-05;3.2;76422;14
0.091;6e-05;3.2;94118.2;14
0.1;6e-05;3.2;113656;14
0.01;6.5e-05;3.2;1049.13;14
0.019;6.5e-05;3.2;3787.35;14
0.028;6.5e-05;3.2;8225.17;14
0.037;6.5e-05;3.2;14362.6;14
0.046;6.5e-05;3.2;22199.6;14
0.055;6.5e-05;3.2;31736.1;14
0.064;6.5e-05;3.2;42972.3;14
0.073;6.5e-05;3.2;55908.1;14
0.082;6.5e-05;3.2;70543.4;14
0.091;6.5e-05;3.2;86878.4;14
0.1;6.5e-05;3.2;104913;14
0.01;7e-05;3.2;974.191;14
0.019;7e-05;3.2;3516.83;14
0.028;7e-05;3.2;7637.66;14
0.037;7e-05;3.2;13336.7;14
0.046;7e-05;3.2;20613.9;14
0.055;7e-05;3.2;29469.3;14
0.064;7e-05;3.2;39902.9;14
0.073;7e-05;3.2;51914.6;14
0.082;7e-05;3.2;65504.6;14
0.091;7e-05;3.2;80672.8;14
0.1;7e-05;3.2;97419.1;14
0.01;7.5e-05;3.2;909.245;14
0.019;7.5e-05;3.2;3282.37;14
0.028;7.5e-05;3.2;7128.48;14
0.037;7.5e-05;3.2;12447.6;14
0.046;7.5e-05;3.2;19239.6;14
0.055;7.5e-05;3.2;27504.7;14
0.064;7.5e-05;3.2;37242.7;14
0.073;7.5e-05;3.2;48453.7;14
0.082;7.5e-05;3.2;61137.6;14
